path;lastModified;valid
"/mnt/acdh_resources/container/R_OFM_Graz_22035/A64_37";"2023-12-05T18:05:41";yes
"/mnt/acdh_resources/container/R_OFM_Graz_22035/A64_37/tifSicher";"2023-09-22T10:37:21";yes
"/mnt/acdh_resources/container/R_OFM_Graz_22035/A64_37/tifSicher/r";"2023-09-22T10:37:19";no
"/mnt/acdh_resources/container/R_OFM_Graz_22035/A64_37/tifSicher/v";"2023-09-22T10:44:29";no
"/mnt/acdh_resources/container/R_OFM_Graz_22035/A64_37/jpg";"2023-09-22T10:45:01";yes
"/mnt/acdh_resources/container/R_OFM_Graz_22035/A64_37/tif";"2023-09-22T10:57:57";yes
"/mnt/acdh_resources/container/R_OFM_Graz_22035/A64_38";"2023-12-05T18:06:03";yes
"/mnt/acdh_resources/container/R_OFM_Graz_22035/A64_38/tif";"2023-09-22T11:11:30";yes
"/mnt/acdh_resources/container/R_OFM_Graz_22035/A64_38/tifSicher";"2023-09-22T11:18:49";yes
"/mnt/acdh_resources/container/R_OFM_Graz_22035/A64_38/tifSicher/r";"2023-09-22T11:18:47";no
"/mnt/acdh_resources/container/R_OFM_Graz_22035/A64_38/tifSicher/v";"2023-09-22T11:26:02";no
"/mnt/acdh_resources/container/R_OFM_Graz_22035/A64_38/jpg";"2023-09-22T11:26:35";yes
"/mnt/acdh_resources/container/R_OFM_Graz_22035/A64_39";"2023-12-05T18:06:27";yes
"/mnt/acdh_resources/container/R_OFM_Graz_22035/A64_39/tif";"2023-09-22T11:46:05";yes
"/mnt/acdh_resources/container/R_OFM_Graz_22035/A64_39/tifSicher";"2023-09-22T11:56:43";yes
"/mnt/acdh_resources/container/R_OFM_Graz_22035/A64_39/tifSicher/r";"2023-09-22T11:56:40";no
"/mnt/acdh_resources/container/R_OFM_Graz_22035/A64_39/tifSicher/v";"2023-09-22T12:07:22";no
"/mnt/acdh_resources/container/R_OFM_Graz_22035/A64_39/jpg";"2023-09-22T12:08:10";yes
"/mnt/acdh_resources/container/R_OFM_Graz_22035/A64_40";"2024-08-07T15:32:56";yes
"/mnt/acdh_resources/container/R_OFM_Graz_22035/A64_40/jpg";"2023-09-22T12:27:56";yes
"/mnt/acdh_resources/container/R_OFM_Graz_22035/A64_40/tiffSicher";"2023-09-22T12:38:24";yes
"/mnt/acdh_resources/container/R_OFM_Graz_22035/A64_40/tiffSicher/r";"2023-09-22T12:38:21";no
"/mnt/acdh_resources/container/R_OFM_Graz_22035/A64_40/tiffSicher/v";"2023-09-22T12:49:03";no
"/mnt/acdh_resources/container/R_OFM_Graz_22035/A64_40/tif";"2023-09-22T12:27:29";yes
"/mnt/acdh_resources/container/R_OFM_Graz_22035/A64_41";"2023-12-05T18:07:51";yes
"/mnt/acdh_resources/container/R_OFM_Graz_22035/A64_41/tif";"2023-09-22T13:07:51";yes
"/mnt/acdh_resources/container/R_OFM_Graz_22035/A64_41/tifSicher";"2023-09-22T13:18:07";yes
"/mnt/acdh_resources/container/R_OFM_Graz_22035/A64_41/tifSicher/r";"2023-09-22T13:18:04";no
"/mnt/acdh_resources/container/R_OFM_Graz_22035/A64_41/tifSicher/v";"2023-09-22T13:28:32";no
"/mnt/acdh_resources/container/R_OFM_Graz_22035/A64_41/jpg";"2023-09-22T13:28:59";yes
"/mnt/acdh_resources/container/R_OFM_Graz_22035/A64_42";"2023-12-05T18:08:28";yes
"/mnt/acdh_resources/container/R_OFM_Graz_22035/A64_42/tif";"2023-09-22T13:41:30";yes
"/mnt/acdh_resources/container/R_OFM_Graz_22035/A64_42/tifSicher";"2023-09-22T13:48:19";yes
"/mnt/acdh_resources/container/R_OFM_Graz_22035/A64_42/tifSicher/r";"2023-09-22T13:48:16";no
"/mnt/acdh_resources/container/R_OFM_Graz_22035/A64_42/tifSicher/v";"2023-09-22T13:54:57";no
"/mnt/acdh_resources/container/R_OFM_Graz_22035/A64_42/jpg";"2023-09-22T13:55:24";yes
"/mnt/acdh_resources/container/R_OFM_Graz_22035/A64_43";"2023-12-05T18:08:48";yes
"/mnt/acdh_resources/container/R_OFM_Graz_22035/A64_43/tif";"2023-09-22T14:12:50";yes
"/mnt/acdh_resources/container/R_OFM_Graz_22035/A64_43/jpg";"2023-09-22T14:13:16";yes
"/mnt/acdh_resources/container/R_OFM_Graz_22035/A64_43/tifSicher";"2023-09-22T14:23:17";yes
"/mnt/acdh_resources/container/R_OFM_Graz_22035/A64_43/tifSicher/r";"2023-09-22T14:23:15";no
"/mnt/acdh_resources/container/R_OFM_Graz_22035/A64_43/tifSicher/v";"2023-09-22T14:33:00";no
"/mnt/acdh_resources/container/R_OFM_Graz_22035/A67_17";"2023-12-05T18:09:25";yes
"/mnt/acdh_resources/container/R_OFM_Graz_22035/A67_17/tif";"2023-09-22T14:42:57";yes
"/mnt/acdh_resources/container/R_OFM_Graz_22035/A67_17/tifSicher";"2023-09-22T14:52:28";yes
"/mnt/acdh_resources/container/R_OFM_Graz_22035/A67_17/tifSicher/r";"2023-09-22T14:52:22";no
"/mnt/acdh_resources/container/R_OFM_Graz_22035/A67_17/tifSicher/v";"2023-09-22T15:02:01";no
"/mnt/acdh_resources/container/R_OFM_Graz_22035/A67_17/jpg";"2023-09-22T15:02:40";yes
"/mnt/acdh_resources/container/R_OFM_Graz_22035/A67_18";"2023-12-05T18:10:01";yes
"/mnt/acdh_resources/container/R_OFM_Graz_22035/A67_18/tif";"2023-09-22T15:10:59";yes
"/mnt/acdh_resources/container/R_OFM_Graz_22035/A67_18/tifSicher";"2023-09-22T15:19:05";yes
"/mnt/acdh_resources/container/R_OFM_Graz_22035/A67_18/tifSicher/r";"2023-09-22T15:19:02";no
"/mnt/acdh_resources/container/R_OFM_Graz_22035/A67_18/tifSicher/v";"2023-09-22T15:27:08";no
"/mnt/acdh_resources/container/R_OFM_Graz_22035/A67_18/jpg";"2023-09-22T15:27:47";yes
"/mnt/acdh_resources/container/R_OFM_Graz_22035/A67_19";"2023-12-05T18:10:26";yes
"/mnt/acdh_resources/container/R_OFM_Graz_22035/A67_19/tif";"2023-09-22T15:36:26";yes
"/mnt/acdh_resources/container/R_OFM_Graz_22035/A67_19/tifSicher";"2023-09-22T15:44:52";yes
"/mnt/acdh_resources/container/R_OFM_Graz_22035/A67_19/tifSicher/r";"2023-09-22T15:44:49";no
"/mnt/acdh_resources/container/R_OFM_Graz_22035/A67_19/tifSicher/v";"2023-09-22T15:53:14";no
"/mnt/acdh_resources/container/R_OFM_Graz_22035/A67_19/jpg";"2023-09-22T15:53:44";yes
"/mnt/acdh_resources/container/R_OFM_Graz_22035/A67_20";"2023-12-05T18:10:53";yes
"/mnt/acdh_resources/container/R_OFM_Graz_22035/A67_20/tif";"2023-09-22T16:00:44";yes
"/mnt/acdh_resources/container/R_OFM_Graz_22035/A67_20/jpg";"2023-09-22T16:01:08";yes
"/mnt/acdh_resources/container/R_OFM_Graz_22035/A67_20/tifSicher";"2023-09-22T16:07:15";yes
"/mnt/acdh_resources/container/R_OFM_Graz_22035/A67_20/tifSicher/r";"2023-09-22T16:07:13";no
"/mnt/acdh_resources/container/R_OFM_Graz_22035/A67_20/tifSicher/v";"2023-09-22T16:13:07";no
"/mnt/acdh_resources/container/R_OFM_Graz_22035/A67_21";"2023-12-05T18:14:24";yes
"/mnt/acdh_resources/container/R_OFM_Graz_22035/A67_21/tif";"2023-12-05T18:14:01";yes
"/mnt/acdh_resources/container/R_OFM_Graz_22035/A67_21/jpg";"2023-12-05T18:14:24";yes
"/mnt/acdh_resources/container/R_OFM_Graz_22035/A67_21/tifSicher";"2023-12-05T18:21:05";yes
"/mnt/acdh_resources/container/R_OFM_Graz_22035/A67_21/tifSicher/r";"2023-12-05T18:21:02";no
"/mnt/acdh_resources/container/R_OFM_Graz_22035/A67_21/tifSicher/v";"2023-12-05T18:27:39";no
"/mnt/acdh_resources/container/R_OFM_Graz_22035/S1_45";"2023-11-24T10:22:19";yes
"/mnt/acdh_resources/container/R_OFM_Graz_22035/S1_45/tif";"2023-11-24T10:22:06";yes
"/mnt/acdh_resources/container/R_OFM_Graz_22035/S1_45/jpg";"2023-11-24T10:22:19";yes
"/mnt/acdh_resources/container/R_OFM_Graz_22035/S1_45/tifSicher";"2023-11-24T10:27:45";yes
"/mnt/acdh_resources/container/R_OFM_Graz_22035/S1_45/tifSicher/r";"2023-11-24T10:27:43";no
"/mnt/acdh_resources/container/R_OFM_Graz_22035/S1_45/tifSicher/v";"2023-11-24T10:33:01";no
"/mnt/acdh_resources/container/R_OFM_Graz_22035/S1_30";"2023-11-24T09:59:30";yes
"/mnt/acdh_resources/container/R_OFM_Graz_22035/S1_30/tif";"2023-11-24T09:59:17";yes
"/mnt/acdh_resources/container/R_OFM_Graz_22035/S1_30/jpg";"2023-11-24T09:59:30";yes
"/mnt/acdh_resources/container/R_OFM_Graz_22035/S1_30/tifSicher";"2023-11-24T10:02:46";yes
"/mnt/acdh_resources/container/R_OFM_Graz_22035/S1_30/tifSicher/v";"2023-11-24T10:02:44";no
"/mnt/acdh_resources/container/R_OFM_Graz_22035/S1_30/tifSicher/r";"2023-11-24T10:04:40";no
"/mnt/acdh_resources/container/R_OFM_Graz_22035/.S1_72_unvoll_V_fehlt";"2023-12-05T16:12:37";no
"/mnt/acdh_resources/container/R_OFM_Graz_22035/.S1_72_unvoll_V_fehlt/jpg";"2023-08-03T09:01:24";no
"/mnt/acdh_resources/container/R_OFM_Graz_22035/.S1_72_unvoll_V_fehlt/raw";"2023-12-05T16:00:19";yes
"/mnt/acdh_resources/container/R_OFM_Graz_22035/.S1_72_unvoll_V_fehlt/raw/v";"2023-08-03T09:01:06";no
"/mnt/acdh_resources/container/R_OFM_Graz_22035/.S1_72_unvoll_V_fehlt/tif";"2023-12-05T16:12:37";yes
"/mnt/acdh_resources/container/R_OFM_Graz_22035/.S1_72_unvoll_V_fehlt/tif/v";"2023-08-03T09:01:06";no
"/mnt/acdh_resources/container/R_OFM_Graz_22035/.S1_72_unvoll_V_fehlt/tifSicher";"2023-12-05T16:27:28";yes
"/mnt/acdh_resources/container/R_OFM_Graz_22035/.S1_72_unvoll_V_fehlt/tifSicher/r";"2023-12-05T16:27:25";no
"/mnt/acdh_resources/container/R_OFM_Graz_22035/.S1_72_unvoll_V_fehlt/tifSicher/v";"2023-08-03T09:01:06";no
"/mnt/acdh_resources/container/R_OFM_Graz_22035/S1_39";"2023-11-24T10:04:50";yes
"/mnt/acdh_resources/container/R_OFM_Graz_22035/S1_39/tif";"2023-11-24T10:04:49";yes
"/mnt/acdh_resources/container/R_OFM_Graz_22035/S1_39/jpg";"2023-11-24T10:04:50";yes
"/mnt/acdh_resources/container/R_OFM_Graz_22035/S1_39/tifSicher";"2023-11-24T10:04:59";yes
"/mnt/acdh_resources/container/R_OFM_Graz_22035/S1_39/tifSicher/v";"2023-11-24T10:04:57";no
"/mnt/acdh_resources/container/R_OFM_Graz_22035/S1_39/tifSicher/r";"2023-11-24T10:05:07";no
"/mnt/acdh_resources/container/R_OFM_Graz_22035/S1_72";"2024-08-07T19:46:34";yes
"/mnt/acdh_resources/container/R_OFM_Graz_22035/S1_72/S1_72";"2024-08-08T02:22:28";yes
"/mnt/acdh_resources/container/R_OFM_Graz_22035/S1_72/S1_72/jpg_S1_72";"2024-08-08T01:51:33";yes
"/mnt/acdh_resources/container/R_OFM_Graz_22035/S1_72/S1_72/tif";"2024-08-08T02:22:25";yes
"/mnt/acdh_resources/container/R_OFM_Graz_22035/S1_72/S1_72/tifSicher";"2024-08-08T02:43:37";yes
"/mnt/acdh_resources/container/R_OFM_Graz_22035/S1_72/S1_72/tifSicher/r";"2024-08-08T02:43:34";no
"/mnt/acdh_resources/container/R_OFM_Graz_22035/S1_72/S1_72/tifSicher/v";"2024-08-08T02:58:03";no
"/mnt/acdh_resources/container/R_OFM_Graz_22035/S1_72/tif";"2024-08-07T15:10:04";yes
"/mnt/acdh_resources/container/R_OFM_Graz_22035/S1_72/jpg";"2024-08-07T15:10:04";yes
"/mnt/acdh_resources/container/R_OFM_Graz_22035/S1_44";"2024-08-08T05:39:29";yes
"/mnt/acdh_resources/container/R_OFM_Graz_22035/S1_44/jpg";"2024-08-08T04:28:51";yes
"/mnt/acdh_resources/container/R_OFM_Graz_22035/S1_44/tif";"2024-08-08T05:03:24";yes
"/mnt/acdh_resources/container/R_OFM_Graz_22035/S1_44/tifSicher";"2024-08-08T04:49:52";yes
"/mnt/acdh_resources/container/R_OFM_Graz_22035/S1_44/tifSicher/r";"2024-08-08T04:49:49";no
"/mnt/acdh_resources/container/R_OFM_Graz_22035/S1_44/tifSicher/v";"2024-08-08T05:06:55";no
"/mnt/acdh_resources/container/R_OFM_Graz_22035/S1_40";"2023-11-24T10:05:42";yes
"/mnt/acdh_resources/container/R_OFM_Graz_22035/S1_40/tif";"2023-11-24T10:05:40";yes
"/mnt/acdh_resources/container/R_OFM_Graz_22035/S1_40/jpg";"2023-11-24T10:05:42";yes
"/mnt/acdh_resources/container/R_OFM_Graz_22035/S1_40/tifSicher";"2023-11-24T10:06:16";yes
"/mnt/acdh_resources/container/R_OFM_Graz_22035/S1_40/tifSicher/v";"2023-11-24T10:06:15";no
"/mnt/acdh_resources/container/R_OFM_Graz_22035/S1_40/tifSicher/r";"2023-11-24T10:06:49";no
"/mnt/acdh_resources/container/R_OFM_Graz_22035/S1_40a";"2023-11-24T10:08:46";yes
"/mnt/acdh_resources/container/R_OFM_Graz_22035/S1_40a/tif";"2023-11-24T10:08:40";yes
"/mnt/acdh_resources/container/R_OFM_Graz_22035/S1_40a/jpg";"2023-11-24T10:08:46";yes
"/mnt/acdh_resources/container/R_OFM_Graz_22035/S1_40a/tifSicher";"2023-11-24T10:11:21";yes
"/mnt/acdh_resources/container/R_OFM_Graz_22035/S1_40a/tifSicher/v";"2023-11-24T10:11:20";no
"/mnt/acdh_resources/container/R_OFM_Graz_22035/S1_40a/tifSicher/r";"2023-11-24T10:13:53";no
"/mnt/acdh_resources/container/R_OFM_Graz_22035/S1_58";"2023-11-24T10:40:19";yes
"/mnt/acdh_resources/container/R_OFM_Graz_22035/S1_58/tif";"2023-11-24T10:40:10";yes
"/mnt/acdh_resources/container/R_OFM_Graz_22035/S1_58/jpg";"2023-11-24T10:40:19";yes
"/mnt/acdh_resources/container/R_OFM_Graz_22035/S1_58/tifSicher";"2023-11-24T10:44:30";yes
"/mnt/acdh_resources/container/R_OFM_Graz_22035/S1_58/tifSicher/v";"2023-11-24T10:44:28";no
"/mnt/acdh_resources/container/R_OFM_Graz_22035/S1_58/tifSicher/r";"2023-11-24T10:48:45";no
"/mnt/acdh_resources/container/R_OFM_Graz_22035/S1_61";"2023-11-24T10:53:20";yes
"/mnt/acdh_resources/container/R_OFM_Graz_22035/S1_61/tif";"2023-11-24T10:53:14";yes
"/mnt/acdh_resources/container/R_OFM_Graz_22035/S1_61/jpg";"2023-11-24T10:53:20";yes
"/mnt/acdh_resources/container/R_OFM_Graz_22035/S1_61/tifSicher";"2023-11-24T10:55:52";yes
"/mnt/acdh_resources/container/R_OFM_Graz_22035/S1_61/tifSicher/r";"2023-11-24T10:55:51";no
"/mnt/acdh_resources/container/R_OFM_Graz_22035/S1_61/tifSicher/v";"2023-11-24T10:58:24";no
"/mnt/acdh_resources/container/R_OFM_Graz_22035/S1_62";"2023-11-24T11:01:45";yes
"/mnt/acdh_resources/container/R_OFM_Graz_22035/S1_62/tif";"2023-11-24T11:01:39";yes
"/mnt/acdh_resources/container/R_OFM_Graz_22035/S1_62/jpg";"2023-11-24T11:01:45";yes
"/mnt/acdh_resources/container/R_OFM_Graz_22035/S1_62/tifSicher";"2023-11-24T11:03:33";yes
"/mnt/acdh_resources/container/R_OFM_Graz_22035/S1_62/tifSicher/v";"2023-11-24T11:03:32";no
"/mnt/acdh_resources/container/R_OFM_Graz_22035/S1_62/tifSicher/r";"2023-11-24T11:05:20";no
"/mnt/acdh_resources/container/R_OFM_Graz_22035/S1_63";"2023-11-24T11:09:28";yes
"/mnt/acdh_resources/container/R_OFM_Graz_22035/S1_63/tif";"2023-11-24T11:09:21";yes
"/mnt/acdh_resources/container/R_OFM_Graz_22035/S1_63/jpg";"2023-11-24T11:09:27";yes
"/mnt/acdh_resources/container/R_OFM_Graz_22035/S1_63/tifSicher";"2023-11-24T11:11:44";yes
"/mnt/acdh_resources/container/R_OFM_Graz_22035/S1_63/tifSicher/r";"2023-11-24T11:11:43";no
"/mnt/acdh_resources/container/R_OFM_Graz_22035/S1_63/tifSicher/v";"2023-11-24T11:14:01";no
"/mnt/acdh_resources/container/R_OFM_Graz_22035/S1_64";"2023-11-24T11:23:10";yes
"/mnt/acdh_resources/container/R_OFM_Graz_22035/S1_64/tif";"2023-11-24T11:22:58";yes
"/mnt/acdh_resources/container/R_OFM_Graz_22035/S1_64/jpg";"2023-11-24T11:23:10";yes
"/mnt/acdh_resources/container/R_OFM_Graz_22035/S1_64/tifSicher";"2023-11-24T11:28:14";yes
"/mnt/acdh_resources/container/R_OFM_Graz_22035/S1_64/tifSicher/r";"2023-11-24T11:28:13";no
"/mnt/acdh_resources/container/R_OFM_Graz_22035/S1_64/tifSicher/v";"2023-11-24T11:33:07";no
"/mnt/acdh_resources/container/R_OFM_Graz_22035/S1_65";"2023-11-24T11:43:29";yes
"/mnt/acdh_resources/container/R_OFM_Graz_22035/S1_65/tif";"2023-11-24T11:43:10";yes
"/mnt/acdh_resources/container/R_OFM_Graz_22035/S1_65/jpg";"2023-11-24T11:43:23";yes
"/mnt/acdh_resources/container/R_OFM_Graz_22035/S1_65/jpg/page";"2023-11-24T11:43:29";yes
"/mnt/acdh_resources/container/R_OFM_Graz_22035/S1_65/tifSicher";"2023-11-24T11:49:11";yes
"/mnt/acdh_resources/container/R_OFM_Graz_22035/S1_65/tifSicher/r";"2023-11-24T11:49:10";no
"/mnt/acdh_resources/container/R_OFM_Graz_22035/S1_65/tifSicher/v";"2023-11-24T11:54:51";no
"/mnt/acdh_resources/container/R_OFM_Graz_22035/S1_66";"2023-11-24T12:17:38";yes
"/mnt/acdh_resources/container/R_OFM_Graz_22035/S1_66/tif";"2023-11-24T12:05:27";yes
"/mnt/acdh_resources/container/R_OFM_Graz_22035/S1_66/tifSicher";"2023-11-24T12:11:33";yes
"/mnt/acdh_resources/container/R_OFM_Graz_22035/S1_66/tifSicher/r";"2023-11-24T12:11:31";no
"/mnt/acdh_resources/container/R_OFM_Graz_22035/S1_66/tifSicher/v";"2023-11-24T12:17:36";no
"/mnt/acdh_resources/container/R_OFM_Graz_22035/S1_66/jpg";"2023-11-24T12:17:51";yes
"/mnt/acdh_resources/container/R_OFM_Graz_22035/S1_67";"2023-11-24T12:28:32";yes
"/mnt/acdh_resources/container/R_OFM_Graz_22035/S1_67/tif";"2023-11-24T12:28:15";yes
"/mnt/acdh_resources/container/R_OFM_Graz_22035/S1_67/jpg";"2023-11-24T12:28:32";yes
"/mnt/acdh_resources/container/R_OFM_Graz_22035/S1_67/tifSicher";"2023-11-24T12:34:30";yes
"/mnt/acdh_resources/container/R_OFM_Graz_22035/S1_67/tifSicher/v";"2023-11-24T12:34:28";no
"/mnt/acdh_resources/container/R_OFM_Graz_22035/S1_67/tifSicher/r";"2023-11-24T12:40:16";no
"/mnt/acdh_resources/container/R_OFM_Graz_22035/S1_69";"2023-11-24T12:52:38";yes
"/mnt/acdh_resources/container/R_OFM_Graz_22035/S1_69/tif";"2023-11-24T12:52:21";yes
"/mnt/acdh_resources/container/R_OFM_Graz_22035/S1_69/jpg";"2023-11-24T12:52:38";yes
"/mnt/acdh_resources/container/R_OFM_Graz_22035/S1_69/tifSicher";"2023-12-05T15:32:31";yes
"/mnt/acdh_resources/container/R_OFM_Graz_22035/S1_69/tifSicher/r";"2023-12-05T15:32:27";no
"/mnt/acdh_resources/container/R_OFM_Graz_22035/S1_69/tifSicher/v";"2023-12-05T15:46:32";no
"/mnt/acdh_resources/container/R_OFM_Graz_22035/S1_70";"2023-12-05T15:53:02";yes
"/mnt/acdh_resources/container/R_OFM_Graz_22035/S1_70/tif";"2023-12-05T15:52:49";yes
"/mnt/acdh_resources/container/R_OFM_Graz_22035/S1_70/jpg";"2023-12-05T15:52:59";yes
"/mnt/acdh_resources/container/R_OFM_Graz_22035/S1_70/jpg/page";"2023-12-05T15:53:02";yes
"/mnt/acdh_resources/container/R_OFM_Graz_22035/S1_70/tifSicher";"2023-12-05T15:56:39";yes
"/mnt/acdh_resources/container/R_OFM_Graz_22035/S1_70/tifSicher/r";"2023-12-05T15:56:37";no
"/mnt/acdh_resources/container/R_OFM_Graz_22035/S1_70/tifSicher/v";"2023-12-05T16:00:17";no
"/mnt/acdh_resources/container/R_OFM_Graz_22035/S1_74";"2023-12-05T16:29:43";yes
"/mnt/acdh_resources/container/R_OFM_Graz_22035/S1_74/tif";"2023-12-05T16:29:37";yes
"/mnt/acdh_resources/container/R_OFM_Graz_22035/S1_74/jpg";"2023-12-05T16:29:43";yes
"/mnt/acdh_resources/container/R_OFM_Graz_22035/S1_74/tifSicher";"2023-12-05T16:31:40";yes
"/mnt/acdh_resources/container/R_OFM_Graz_22035/S1_74/tifSicher/v";"2023-12-05T16:31:37";no
"/mnt/acdh_resources/container/R_OFM_Graz_22035/S1_74/tifSicher/r";"2023-12-05T16:33:36";no
"/mnt/acdh_resources/container/R_OFM_Graz_22035/S1_75";"2023-12-05T16:36:16";yes
"/mnt/acdh_resources/container/R_OFM_Graz_22035/S1_75/tif";"2023-12-05T16:36:09";yes
"/mnt/acdh_resources/container/R_OFM_Graz_22035/S1_75/jpg";"2023-12-05T16:36:15";yes
"/mnt/acdh_resources/container/R_OFM_Graz_22035/S1_75/tifSicher";"2023-12-05T16:38:08";yes
"/mnt/acdh_resources/container/R_OFM_Graz_22035/S1_75/tifSicher/v";"2023-12-05T16:38:05";no
"/mnt/acdh_resources/container/R_OFM_Graz_22035/S1_75/tifSicher/r";"2023-12-05T16:39:59";no
"/mnt/acdh_resources/container/R_OFM_Graz_22035/S1_76";"2023-12-05T16:41:39";yes
"/mnt/acdh_resources/container/R_OFM_Graz_22035/S1_76/tif";"2023-12-05T16:41:34";yes
"/mnt/acdh_resources/container/R_OFM_Graz_22035/S1_76/jpg";"2023-12-05T16:41:39";yes
"/mnt/acdh_resources/container/R_OFM_Graz_22035/S1_76/tifSicher";"2023-12-05T16:43:00";yes
"/mnt/acdh_resources/container/R_OFM_Graz_22035/S1_76/tifSicher/v";"2023-12-05T16:42:57";no
"/mnt/acdh_resources/container/R_OFM_Graz_22035/S1_76/tifSicher/r";"2023-12-05T16:44:21";no
"/mnt/acdh_resources/container/R_OFM_Graz_22035/A63_51";"2023-12-05T17:29:37";yes
"/mnt/acdh_resources/container/R_OFM_Graz_22035/A63_51/tifSicher";"2023-12-05T16:56:13";yes
"/mnt/acdh_resources/container/R_OFM_Graz_22035/A63_51/tifSicher/r";"2023-12-05T16:56:11";no
"/mnt/acdh_resources/container/R_OFM_Graz_22035/A63_51/tifSicher/v";"2023-12-05T17:07:56";no
"/mnt/acdh_resources/container/R_OFM_Graz_22035/A63_51/tif";"2023-12-05T17:29:35";yes
"/mnt/acdh_resources/container/R_OFM_Graz_22035/A63_51/jpg";"2023-12-05T17:30:35";yes
"/mnt/acdh_resources/container/R_OFM_Graz_22035/A64_34";"2023-12-05T17:49:50";yes
"/mnt/acdh_resources/container/R_OFM_Graz_22035/A64_34/tifSicher";"2023-12-05T17:39:41";yes
"/mnt/acdh_resources/container/R_OFM_Graz_22035/A64_34/tifSicher/r";"2023-12-05T17:39:38";no
"/mnt/acdh_resources/container/R_OFM_Graz_22035/A64_34/tifSicher/v";"2023-12-05T17:48:56";no
"/mnt/acdh_resources/container/R_OFM_Graz_22035/A64_34/jpg";"2023-12-05T17:49:49";yes
"/mnt/acdh_resources/container/R_OFM_Graz_22035/A64_34/tif";"2023-12-05T18:05:38";yes
"/mnt/acdh_resources/container/R_OFM_Graz_22035/A67_22";"2023-12-05T18:37:44";yes
"/mnt/acdh_resources/container/R_OFM_Graz_22035/A67_22/tif";"2023-12-05T18:37:15";yes
"/mnt/acdh_resources/container/R_OFM_Graz_22035/A67_22/jpg";"2023-12-05T18:37:44";yes
"/mnt/acdh_resources/container/R_OFM_Graz_22035/A67_22/tifSicher";"2023-12-05T18:43:53";yes
"/mnt/acdh_resources/container/R_OFM_Graz_22035/A67_22/tifSicher/r";"2023-12-05T18:43:51";no
"/mnt/acdh_resources/container/R_OFM_Graz_22035/A67_22/tifSicher/v";"2023-12-05T18:50:04";no
"/mnt/acdh_resources/container/R_OFM_Graz_22035/A67_23";"2023-12-05T18:51:29";yes
"/mnt/acdh_resources/container/R_OFM_Graz_22035/A67_23/tif";"2023-12-05T18:51:23";yes
"/mnt/acdh_resources/container/R_OFM_Graz_22035/A67_23/jpg";"2023-12-05T18:51:29";yes
"/mnt/acdh_resources/container/R_OFM_Graz_22035/A67_23/tifSicher";"2023-12-05T18:52:25";yes
"/mnt/acdh_resources/container/R_OFM_Graz_22035/A67_23/tifSicher/r";"2023-12-05T18:52:23";no
"/mnt/acdh_resources/container/R_OFM_Graz_22035/A67_23/tifSicher/v";"2023-12-05T18:53:15";no
"/mnt/acdh_resources/container/R_OFM_Graz_22035/A67_27";"2023-12-05T19:21:53";yes
"/mnt/acdh_resources/container/R_OFM_Graz_22035/A67_27/tif";"2023-12-05T19:06:00";yes
"/mnt/acdh_resources/container/R_OFM_Graz_22035/A67_27/tifSicher";"2023-12-05T19:13:57";yes
"/mnt/acdh_resources/container/R_OFM_Graz_22035/A67_27/tifSicher/r";"2023-12-05T19:13:54";no
"/mnt/acdh_resources/container/R_OFM_Graz_22035/A67_27/tifSicher/v";"2023-12-05T19:21:50";no
"/mnt/acdh_resources/container/R_OFM_Graz_22035/A67_27/jpg";"2023-12-05T19:22:30";yes
"/mnt/acdh_resources/container/R_OFM_Graz_22035/A67_41";"2023-12-05T19:55:03";yes
"/mnt/acdh_resources/container/R_OFM_Graz_22035/A67_41/tif";"2023-12-05T19:35:13";yes
"/mnt/acdh_resources/container/R_OFM_Graz_22035/A67_41/tifSicher";"2023-12-05T19:45:10";yes
"/mnt/acdh_resources/container/R_OFM_Graz_22035/A67_41/tifSicher/r";"2023-12-05T19:45:07";no
"/mnt/acdh_resources/container/R_OFM_Graz_22035/A67_41/tifSicher/v";"2023-12-05T19:55:00";no
"/mnt/acdh_resources/container/R_OFM_Graz_22035/A67_41/jpg";"2023-12-05T19:55:36";yes
"/mnt/acdh_resources/container/R_OFM_Graz_22035/A67_42";"2023-12-05T20:05:44";yes
"/mnt/acdh_resources/container/R_OFM_Graz_22035/A67_42/tif";"2023-12-05T20:05:16";yes
"/mnt/acdh_resources/container/R_OFM_Graz_22035/A67_42/jpg";"2023-12-05T20:05:44";yes
"/mnt/acdh_resources/container/R_OFM_Graz_22035/A67_42/tifSicher";"2023-12-05T20:14:45";yes
"/mnt/acdh_resources/container/R_OFM_Graz_22035/A67_42/tifSicher/r";"2023-12-05T20:14:42";no
"/mnt/acdh_resources/container/R_OFM_Graz_22035/A67_42/tifSicher/v";"2023-12-05T20:24:08";no
"/mnt/acdh_resources/container/R_OFM_Graz_22035/A67_43";"2023-12-05T20:36:48";yes
"/mnt/acdh_resources/container/R_OFM_Graz_22035/A67_43/tif";"2023-12-05T20:36:11";yes
"/mnt/acdh_resources/container/R_OFM_Graz_22035/A67_43/jpg";"2023-12-05T20:36:47";yes
"/mnt/acdh_resources/container/R_OFM_Graz_22035/A67_43/tifSIcher";"2023-12-05T20:47:20";yes
"/mnt/acdh_resources/container/R_OFM_Graz_22035/A67_43/tifSIcher/r";"2023-12-05T20:47:17";no
"/mnt/acdh_resources/container/R_OFM_Graz_22035/A67_43/tifSIcher/v";"2023-12-05T20:57:30";no
"/mnt/acdh_resources/container/R_OFM_Graz_22035/A67_44";"2023-12-05T21:02:51";yes
"/mnt/acdh_resources/container/R_OFM_Graz_22035/A67_44/tif";"2023-12-05T21:02:35";yes
"/mnt/acdh_resources/container/R_OFM_Graz_22035/A67_44/jpg";"2023-12-05T21:02:51";yes
"/mnt/acdh_resources/container/R_OFM_Graz_22035/A67_44/tifSicher";"2023-12-05T21:08:57";yes
"/mnt/acdh_resources/container/R_OFM_Graz_22035/A67_44/tifSicher/v";"2023-12-05T21:08:55";no
"/mnt/acdh_resources/container/R_OFM_Graz_22035/A67_44/tifSicher/r";"2023-12-05T21:14:58";no
"/mnt/acdh_resources/container/R_OFM_Graz_22035/A70_23";"2024-08-07T16:17:31";yes
"/mnt/acdh_resources/container/R_OFM_Graz_22035/A70_23/tif";"2023-12-05T21:16:03";yes
"/mnt/acdh_resources/container/R_OFM_Graz_22035/A70_23/images";"2023-10-06T16:05:27";no
"/mnt/acdh_resources/container/R_OFM_Graz_22035/A70_23/jpg";"2023-12-05T21:16:07";yes
"/mnt/acdh_resources/container/R_OFM_Graz_22035/A70_23/tifSicher";"2023-12-05T21:17:32";yes
"/mnt/acdh_resources/container/R_OFM_Graz_22035/A70_23/tifSicher/v";"2023-12-05T21:17:29";no
"/mnt/acdh_resources/container/R_OFM_Graz_22035/A70_23/tifSicher/r";"2023-12-05T21:18:49";no
"/mnt/acdh_resources/container/R_OFM_Graz_22035/A70_41";"2023-12-05T21:20:45";yes
"/mnt/acdh_resources/container/R_OFM_Graz_22035/A70_41/tif";"2023-12-05T21:20:37";yes
"/mnt/acdh_resources/container/R_OFM_Graz_22035/A70_41/images";"2023-10-04T09:11:49";no
"/mnt/acdh_resources/container/R_OFM_Graz_22035/A70_41/jpg";"2023-12-05T21:20:45";yes
"/mnt/acdh_resources/container/R_OFM_Graz_22035/A70_41/tifSicher";"2023-12-05T21:23:26";yes
"/mnt/acdh_resources/container/R_OFM_Graz_22035/A70_41/tifSicher/v";"2023-12-05T21:23:23";no
"/mnt/acdh_resources/container/R_OFM_Graz_22035/A70_41/tifSicher/r";"2023-12-05T21:26:07";no
"/mnt/acdh_resources/container/R_OFM_Graz_22035/A70_45";"2024-08-07T15:09:05";yes
"/mnt/acdh_resources/container/R_OFM_Graz_22035/A70_45/tif";"2023-12-05T21:27:21";yes
"/mnt/acdh_resources/container/R_OFM_Graz_22035/A70_45/tifSicher";"2023-12-05T21:30:00";yes
"/mnt/acdh_resources/container/R_OFM_Graz_22035/A70_45/tifSicher/r";"2023-12-05T21:29:56";no
"/mnt/acdh_resources/container/R_OFM_Graz_22035/A70_45/tifSicher/v";"2023-12-05T21:32:21";no
"/mnt/acdh_resources/container/R_OFM_Graz_22035/A70_45/jpg";"2023-12-05T21:27:28";yes
"/mnt/acdh_resources/container/R_OFM_Graz_22035/A70_45/jpg/page";"2023-12-05T21:27:29";yes
"/mnt/acdh_resources/container/R_OFM_Graz_22035/S1_18";"2023-12-05T21:46:22";yes
"/mnt/acdh_resources/container/R_OFM_Graz_22035/S1_18/tif";"2023-12-05T21:38:07";yes
"/mnt/acdh_resources/container/R_OFM_Graz_22035/S1_18/tifSicher";"2023-12-05T21:42:19";yes
"/mnt/acdh_resources/container/R_OFM_Graz_22035/S1_18/tifSicher/r";"2023-12-05T21:42:16";no
"/mnt/acdh_resources/container/R_OFM_Graz_22035/S1_18/tifSicher/v";"2023-12-05T21:46:19";no
"/mnt/acdh_resources/container/R_OFM_Graz_22035/S1_18/jpg";"2023-12-05T21:46:32";yes
"/mnt/acdh_resources/container/R_OFM_Graz_22035/S1_19";"2023-12-05T21:54:41";yes
"/mnt/acdh_resources/container/R_OFM_Graz_22035/S1_19/tif";"2023-12-05T21:54:27";yes
"/mnt/acdh_resources/container/R_OFM_Graz_22035/S1_19/jpg";"2023-12-05T21:54:41";yes
"/mnt/acdh_resources/container/R_OFM_Graz_22035/S1_19/tifSicher";"2023-12-05T21:59:45";yes
"/mnt/acdh_resources/container/R_OFM_Graz_22035/S1_19/tifSicher/r";"2023-12-05T21:59:42";no
"/mnt/acdh_resources/container/R_OFM_Graz_22035/S1_19/tifSicher/v";"2023-12-05T22:04:45";no
"/mnt/acdh_resources/container/R_OFM_Graz_22035/S1_20";"2023-12-05T22:14:13";yes
"/mnt/acdh_resources/container/R_OFM_Graz_22035/S1_20/tif";"2023-12-05T22:13:54";yes
"/mnt/acdh_resources/container/R_OFM_Graz_22035/S1_20/jpg";"2023-12-05T22:14:13";yes
"/mnt/acdh_resources/container/R_OFM_Graz_22035/S1_20/tifSIcher";"2023-12-06T09:22:14";yes
"/mnt/acdh_resources/container/R_OFM_Graz_22035/S1_20/tifSIcher/v";"2023-12-06T09:22:11";no
"/mnt/acdh_resources/container/R_OFM_Graz_22035/S1_20/tifSIcher/r";"2023-12-06T09:28:32";no
"/mnt/acdh_resources/container/R_OFM_Graz_22035/S1_22";"2023-12-06T09:32:15";yes
"/mnt/acdh_resources/container/R_OFM_Graz_22035/S1_22/tif";"2023-12-06T09:32:06";yes
"/mnt/acdh_resources/container/R_OFM_Graz_22035/S1_22/jpg";"2023-12-06T09:32:15";yes
"/mnt/acdh_resources/container/R_OFM_Graz_22035/S1_22/tifSicher";"2023-12-06T09:34:59";yes
"/mnt/acdh_resources/container/R_OFM_Graz_22035/S1_22/tifSicher/v";"2023-12-06T09:34:56";no
"/mnt/acdh_resources/container/R_OFM_Graz_22035/S1_22/tifSicher/r";"2023-12-06T09:37:41";no
"/mnt/acdh_resources/container/R_OFM_Graz_22035/S1_23";"2023-12-06T09:39:01";yes
"/mnt/acdh_resources/container/R_OFM_Graz_22035/S1_23/tif";"2023-12-06T09:38:57";yes
"/mnt/acdh_resources/container/R_OFM_Graz_22035/S1_23/jpg";"2023-12-06T09:39:01";yes
"/mnt/acdh_resources/container/R_OFM_Graz_22035/S1_23/tifSicher";"2023-12-06T09:40:00";yes
"/mnt/acdh_resources/container/R_OFM_Graz_22035/S1_23/tifSicher/v";"2023-12-06T09:39:57";no
"/mnt/acdh_resources/container/R_OFM_Graz_22035/S1_23/tifSicher/r";"2023-12-06T09:40:58";no
"/mnt/acdh_resources/container/R_OFM_Graz_22035/S1_24";"2023-12-06T09:49:50";yes
"/mnt/acdh_resources/container/R_OFM_Graz_22035/S1_24/tif";"2023-12-06T09:49:36";yes
"/mnt/acdh_resources/container/R_OFM_Graz_22035/S1_24/jpg";"2023-12-06T09:49:50";yes
"/mnt/acdh_resources/container/R_OFM_Graz_22035/S1_24/tifSicher";"2023-12-06T09:55:15";yes
"/mnt/acdh_resources/container/R_OFM_Graz_22035/S1_24/tifSicher/v";"2023-12-06T09:55:12";no
"/mnt/acdh_resources/container/R_OFM_Graz_22035/S1_24/tifSicher/r";"2023-12-06T10:00:38";no
"/mnt/acdh_resources/container/R_OFM_Graz_22035/S1_25";"2023-12-06T10:03:15";yes
"/mnt/acdh_resources/container/R_OFM_Graz_22035/S1_25/tif";"2023-12-06T10:03:09";yes
"/mnt/acdh_resources/container/R_OFM_Graz_22035/S1_25/jpg";"2023-12-06T10:03:15";yes
"/mnt/acdh_resources/container/R_OFM_Graz_22035/S1_25/tifSicher";"2023-12-06T10:05:10";yes
"/mnt/acdh_resources/container/R_OFM_Graz_22035/S1_25/tifSicher/v";"2023-12-06T10:05:08";no
"/mnt/acdh_resources/container/R_OFM_Graz_22035/S1_25/tifSicher/r";"2023-12-06T10:07:07";no
"/mnt/acdh_resources/container/R_OFM_Graz_22035/S1_26";"2023-12-06T10:09:03";yes
"/mnt/acdh_resources/container/R_OFM_Graz_22035/S1_26/tif";"2023-12-06T10:08:59";yes
"/mnt/acdh_resources/container/R_OFM_Graz_22035/S1_26/jpg";"2023-12-06T10:09:03";yes
"/mnt/acdh_resources/container/R_OFM_Graz_22035/S1_26/tifSicher";"2023-12-06T10:10:26";yes
"/mnt/acdh_resources/container/R_OFM_Graz_22035/S1_26/tifSicher/v";"2023-12-06T10:10:23";no
"/mnt/acdh_resources/container/R_OFM_Graz_22035/S1_26/tifSicher/r";"2023-12-06T10:11:49";no
"/mnt/acdh_resources/container/R_OFM_Graz_22035/S1_27";"2023-12-06T10:20:17";yes
"/mnt/acdh_resources/container/R_OFM_Graz_22035/S1_27/tif";"2023-12-06T10:20:01";yes
"/mnt/acdh_resources/container/R_OFM_Graz_22035/S1_27/jpg";"2023-12-06T10:20:17";yes
"/mnt/acdh_resources/container/R_OFM_Graz_22035/S1_27/tifSicher";"2023-12-06T10:26:50";yes
"/mnt/acdh_resources/container/R_OFM_Graz_22035/S1_27/tifSicher/v";"2023-12-06T10:26:46";no
"/mnt/acdh_resources/container/R_OFM_Graz_22035/S1_27/tifSicher/r";"2023-12-06T10:32:36";no
"/mnt/acdh_resources/container/R_OFM_Graz_22035/S1_28";"2023-12-06T10:33:29";yes
"/mnt/acdh_resources/container/R_OFM_Graz_22035/S1_28/tif";"2023-12-06T10:33:26";yes
"/mnt/acdh_resources/container/R_OFM_Graz_22035/S1_28/jpg";"2023-12-06T10:33:29";yes
"/mnt/acdh_resources/container/R_OFM_Graz_22035/S1_28/tifSicher";"2023-12-06T10:34:17";yes
"/mnt/acdh_resources/container/R_OFM_Graz_22035/S1_28/tifSicher/v";"2023-12-06T10:34:14";no
"/mnt/acdh_resources/container/R_OFM_Graz_22035/S1_28/tifSicher/r";"2023-12-06T10:35:06";no
"/mnt/acdh_resources/container/R_OFM_Graz_22035/S1_29";"2023-12-06T10:38:39";yes
"/mnt/acdh_resources/container/R_OFM_Graz_22035/S1_29/tif";"2023-12-06T10:38:29";yes
"/mnt/acdh_resources/container/R_OFM_Graz_22035/S1_29/jpg";"2023-12-06T10:38:39";yes
"/mnt/acdh_resources/container/R_OFM_Graz_22035/S1_29/tifSicher";"2023-12-06T10:43:08";yes
"/mnt/acdh_resources/container/R_OFM_Graz_22035/S1_29/tifSicher/v";"2023-12-06T10:43:05";no
"/mnt/acdh_resources/container/R_OFM_Graz_22035/S1_29/tifSicher/r";"2023-12-06T10:47:35";no
"/mnt/acdh_resources/container/R_OFM_Graz_22035/S1_68";"2024-08-08T05:34:09";yes
"/mnt/acdh_resources/container/R_OFM_Graz_22035/S1_68/jpg";"2024-08-08T05:33:59";yes
"/mnt/acdh_resources/container/R_OFM_Graz_22035/S1_68/tif";"2024-08-08T05:33:59";yes
"/mnt/acdh_resources/container/R_OFM_Graz_22035/S1_68/tifSicher";"2024-08-08T05:33:59";yes
"/mnt/acdh_resources/container/R_OFM_Graz_22035/S1_68/tifSicher/r";"2024-08-08T02:27:14";no
"/mnt/acdh_resources/container/R_OFM_Graz_22035/S1_68/tifSicher/v";"2024-08-08T02:42:39";no
